,case_id,trade_nm,legal_name,street_addr_1_txt,cty_nm,st_cd,zip_cd,naic_cd,naics_code_description,case_violtn_cnt,cmp_assd_cnt,ee_violtd_cnt,bw_atp_amt,ee_atp_cnt,findings_start_date,findings_end_date,flsa_violtn_cnt,flsa_repeat_violator,flsa_bw_atp_amt,flsa_ee_atp_cnt,flsa_mw_bw_atp_amt,flsa_ot_bw_atp_amt,flsa_15a3_bw_atp_amt,flsa_cmp_assd_amt,sca_violtn_cnt,sca_bw_atp_amt,sca_ee_atp_cnt,mspa_violtn_cnt,mspa_bw_atp_amt,mspa_ee_atp_cnt,mspa_cmp_assd_amt,h1b_violtn_cnt,h1b_bw_atp_amt,h1b_ee_atp_cnt,h1b_cmp_assd_amt,fmla_violtn_cnt,fmla_bw_atp_amt,fmla_ee_atp_cnt,fmla_cmp_assd_amt,flsa_cl_violtn_cnt,flsa_cl_minor_cnt,flsa_cl_cmp_assd_amt,dbra_cl_violtn_cnt,dbra_bw_atp_amt,dbra_ee_atp_cnt,h2a_violtn_cnt,h2a_bw_atp_amt,h2a_ee_atp_cnt,h2a_cmp_assd_amt,flsa_smw14_violtn_cnt,flsa_smw14_bw_amt,flsa_smw14_ee_atp_cnt,cwhssa_violtn_cnt,cwhssa_bw_amt,cwhssa_ee_cnt,osha_violtn_cnt,osha_bw_atp_amt,osha_ee_atp_cnt,osha_cmp_assd_amt,eppa_violtn_cnt,eppa_bw_atp_amt,eppa_ee_cnt,eppa_cmp_assd_amt,h1a_violtn_cnt,h1a_bw_atp_amt,h1a_ee_atp_cnt,h1a_cmp_assd_amt,crew_violtn_cnt,crew_bw_atp_amt,crew_ee_atp_cnt,crew_cmp_assd_amt,ccpa_violtn_cnt,ccpa_bw_atp_amt,ccpa_ee_atp_cnt,flsa_smwpw_violtn_cnt,flsa_smwpw_bw_atp_amt,flsa_smwpw_ee_atp_cnt,flsa_hmwkr_violtn_cnt,flsa_hmwkr_bw_atp_amt,flsa_hmwkr_ee_atp_cnt,flsa_hmwkr_cmp_assd_amt,ca_violtn_cnt,ca_bw_atp_amt,ca_ee_atp_cnt,pca_violtn_cnt,pca_bw_atp_amt,pca_ee_atp_cnt,flsa_smwap_violtn_cnt,flsa_smwap_bw_atp_amt,flsa_smwap_ee_atp_cnt,flsa_smwft_violtn_cnt,flsa_smwft_bw_atp_amt,flsa_smwft_ee_atp_cnt,flsa_smwl_violtn_cnt,flsa_smwl_bw_atp_amt,flsa_smwl_ee_atp_cnt,flsa_smwmg_violtn_cnt,flsa_smwmg_bw_atp_amt,flsa_smwmg_ee_atp_cnt,flsa_smwsl_violtn_cnt,flsa_smwsl_bw_atp_amt,flsa_smwsl_ee_atp_cnt,eev_violtn_cnt,h2b_violtn_cnt,h2b_bw_atp_amt,h2b_ee_atp_cnt,sraw_violtn_cnt,sraw_bw_atp_amt,sraw_ee_atp_cnt,ld_dt,YEAR & N0.,CONTRACT LIST FOR 2010 DESCRIPTION,CONTRACTOR,Unnamed: 3,Unnamed: 4,Unnamed: 5,Unnamed: 6,Unnamed: 7,Unnamed: 8
0,1522927,Assurance Fire Protection,"Assurance Fire Protection, LLC",10041 Carnegie,El Paso,TX,79925.0,238990.0,All Other Specialty Trade Contractors,3,0.0,3,327.13,3,2006-10-09,2008-10-08,3,,327.13,3,0.0,327.13,0.0,0.0,0,0.0,0,0,0.0,0,0.0,0,0.0,0,0.0,0,0.0,0,0,0,0,0.0,0,0.0,0,0,0.0,0,0.0,0,0.0,0,0,0.0,0,0,0,0,0.0,0,0.0,0,0,0,0.0,0,0,0,0,0,0,0,0.0,0,0,0.0,0,0,0.0,0,0,0,0.0,0,0,0.0,0,0,0,0,0,0.0,0,0,0,0,0,0,0,0,0.0,0,0,0,0.0,0,0,0,0,2015-02-20 01:00:06.112000 AMERICA/NEW_YORK,2015-064,"REG 19 RFP 14-7043 - Fire Extinguisher, Fire Suppression Systems, and Related Purchases","Assurance Fire Protection, LLC",,,,,,
1,1522927,Assurance Fire Protection,"Assurance Fire Protection, LLC",10041 Carnegie,El Paso,TX,79925.0,238990.0,All Other Specialty Trade Contractors,3,0.0,3,327.13,3,2006-10-09,2008-10-08,3,,327.13,3,0.0,327.13,0.0,0.0,0,0.0,0,0,0.0,0,0.0,0,0.0,0,0.0,0,0.0,0,0,0,0,0.0,0,0.0,0,0,0.0,0,0.0,0,0.0,0,0,0.0,0,0,0,0,0.0,0,0.0,0,0,0,0.0,0,0,0,0,0,0,0,0.0,0,0,0.0,0,0,0.0,0,0,0,0.0,0,0,0.0,0,0,0,0,0,0.0,0,0,0,0,0,0,0,0,0.0,0,0,0,0.0,0,0,0,0,2015-02-20 01:00:06.112000 AMERICA/NEW_YORK,2015-090,"REGION 19 CONTRACT #14-7043 - Fire Extinguishers, Fire Suppression Systems, and Related Purchases, Installations, and Inspections- ESC Region 19- Allied States Cooperative (ASC)","Assurance Fire Protection, LLC",,,,,,
2,1522927,Assurance Fire Protection,"Assurance Fire Protection, LLC",10041 Carnegie,El Paso,TX,79925.0,238990.0,All Other Specialty Trade Contractors,3,0.0,3,327.13,3,2006-10-09,2008-10-08,3,,327.13,3,0.0,327.13,0.0,0.0,0,0.0,0,0,0.0,0,0.0,0,0.0,0,0.0,0,0.0,0,0,0,0,0.0,0,0.0,0,0,0.0,0,0.0,0,0.0,0,0,0.0,0,0,0,0,0.0,0,0.0,0,0,0,0.0,0,0,0,0,0,0,0,0.0,0,0,0.0,0,0,0.0,0,0,0,0.0,0,0,0.0,0,0,0,0,0,0.0,0,0,0,0,0,0,0,0,0.0,0,0,0,0.0,0,0,0,0,2015-02-20 01:00:06.112000 AMERICA/NEW_YORK,2015-1188,"FIRE EXTINGUISHERS, FIRE SUPPRESSION, SYSTEMS","Assurance Fire Protection, LLC",,,,,,
3,1522927,Assurance Fire Protection,"Assurance Fire Protection, LLC",10041 Carnegie,El Paso,TX,79925.0,238990.0,All Other Specialty Trade Contractors,3,0.0,3,327.13,3,2006-10-09,2008-10-08,3,,327.13,3,0.0,327.13,0.0,0.0,0,0.0,0,0,0.0,0,0.0,0,0.0,0,0.0,0,0.0,0,0,0,0,0.0,0,0.0,0,0,0.0,0,0.0,0,0.0,0,0,0.0,0,0,0,0,0.0,0,0.0,0,0,0,0.0,0,0,0,0,0,0,0,0.0,0,0,0.0,0,0,0.0,0,0,0,0.0,0,0,0.0,0,0,0,0,0,0.0,0,0,0,0,0,0,0,0,0.0,0,0,0,0.0,0,0,0,0,2015-02-20 01:00:06.112000 AMERICA/NEW_YORK,2015-125,REGION 19 #14-7043 ASSURANCE FIRE PROTECTION,"Assurance Fire Protection, LLC",,,,,,
4,1522927,Assurance Fire Protection,"Assurance Fire Protection, LLC",10041 Carnegie,El Paso,TX,79925.0,238990.0,All Other Specialty Trade Contractors,3,0.0,3,327.13,3,2006-10-09,2008-10-08,3,,327.13,3,0.0,327.13,0.0,0.0,0,0.0,0,0,0.0,0,0.0,0,0.0,0,0.0,0,0.0,0,0,0,0,0.0,0,0.0,0,0,0.0,0,0.0,0,0.0,0,0,0.0,0,0,0,0,0.0,0,0.0,0,0,0,0.0,0,0,0,0,0,0,0,0.0,0,0,0.0,0,0,0.0,0,0,0,0.0,0,0,0.0,0,0,0,0,0,0.0,0,0,0,0,0,0,0,0,0.0,0,0,0,0.0,0,0,0,0,2015-02-20 01:00:06.112000 AMERICA/NEW_YORK,2015-064,"REG 19 RFP 14-7043 - Fire Extinguisher, Fire Suppression Systems, and Related Purchases","Assurance Fire Protection, LLC",,,,,,
5,1522927,Assurance Fire Protection,"Assurance Fire Protection, LLC",10041 Carnegie,El Paso,TX,79925.0,238990.0,All Other Specialty Trade Contractors,3,0.0,3,327.13,3,2006-10-09,2008-10-08,3,,327.13,3,0.0,327.13,0.0,0.0,0,0.0,0,0,0.0,0,0.0,0,0.0,0,0.0,0,0.0,0,0,0,0,0.0,0,0.0,0,0,0.0,0,0.0,0,0.0,0,0,0.0,0,0,0,0,0.0,0,0.0,0,0,0,0.0,0,0,0,0,0,0,0,0.0,0,0,0.0,0,0,0.0,0,0,0,0.0,0,0,0.0,0,0,0,0,0,0.0,0,0,0,0,0,0,0,0,0.0,0,0,0,0.0,0,0,0,0,2015-02-20 01:00:06.112000 AMERICA/NEW_YORK,2015-090,"REGION 19 CONTRACT #14-7043 - Fire Extinguishers, Fire Suppression Systems, and Related Purchases, Installations, and Inspections- ESC Region 19- Allied States Cooperative (ASC)","Assurance Fire Protection, LLC",,,,,,
6,1522927,Assurance Fire Protection,"Assurance Fire Protection, LLC",10041 Carnegie,El Paso,TX,79925.0,238990.0,All Other Specialty Trade Contractors,3,0.0,3,327.13,3,2006-10-09,2008-10-08,3,,327.13,3,0.0,327.13,0.0,0.0,0,0.0,0,0,0.0,0,0.0,0,0.0,0,0.0,0,0.0,0,0,0,0,0.0,0,0.0,0,0,0.0,0,0.0,0,0.0,0,0,0.0,0,0,0,0,0.0,0,0.0,0,0,0,0.0,0,0,0,0,0,0,0,0.0,0,0,0.0,0,0,0.0,0,0,0,0.0,0,0,0.0,0,0,0,0,0,0.0,0,0,0,0,0,0,0,0,0.0,0,0,0,0.0,0,0,0,0,2015-02-20 01:00:06.112000 AMERICA/NEW_YORK,2015-1188,"FIRE EXTINGUISHERS, FIRE SUPPRESSION, SYSTEMS","Assurance Fire Protection, LLC",,,,,,
7,1522927,Assurance Fire Protection,"Assurance Fire Protection, LLC",10041 Carnegie,El Paso,TX,79925.0,238990.0,All Other Specialty Trade Contractors,3,0.0,3,327.13,3,2006-10-09,2008-10-08,3,,327.13,3,0.0,327.13,0.0,0.0,0,0.0,0,0,0.0,0,0.0,0,0.0,0,0.0,0,0.0,0,0,0,0,0.0,0,0.0,0,0,0.0,0,0.0,0,0.0,0,0,0.0,0,0,0,0,0.0,0,0.0,0,0,0,0.0,0,0,0,0,0,0,0,0.0,0,0,0.0,0,0,0.0,0,0,0,0.0,0,0,0.0,0,0,0,0,0,0.0,0,0,0,0,0,0,0,0,0.0,0,0,0,0.0,0,0,0,0,2015-02-20 01:00:06.112000 AMERICA/NEW_YORK,2015-125,REGION 19 #14-7043 ASSURANCE FIRE PROTECTION,"Assurance Fire Protection, LLC",,,,,,
8,1513263,Mike Garcia Merchant Security,"Mike Garcia Merchant Security, LLC",6000 Welch,El Paso,TX,79905.0,561612.0,Security Guards and Patrol Services,1,0.0,0,0.0,0,2006-09-10,2008-09-09,1,,0.0,0,0.0,0.0,0.0,0.0,0,0.0,0,0,0.0,0,0.0,0,0.0,0,0.0,0,0.0,0,0,0,0,0.0,0,0.0,0,0,0.0,0,0.0,0,0.0,0,0,0.0,0,0,0,0,0.0,0,0.0,0,0,0,0.0,0,0,0,0,0,0,0,0.0,0,0,0.0,0,0,0.0,0,0,0,0.0,0,0,0.0,0,0,0,0,0,0.0,0,0,0,0,0,0,0,0,0.0,0,0,0,0.0,0,0,0,0,2015-02-20 01:00:06.112000 AMERICA/NEW_YORK,2014-190,SECURITY SERVICES-MUNICIPAL COURT,"Mike Garcia Merchant Security, LLC",,,,,,
9,1513263,Mike Garcia Merchant Security,"Mike Garcia Merchant Security, LLC",6000 Welch,El Paso,TX,79905.0,561612.0,Security Guards and Patrol Services,1,0.0,0,0.0,0,2006-09-10,2008-09-09,1,,0.0,0,0.0,0.0,0.0,0.0,0,0.0,0,0,0.0,0,0.0,0,0.0,0,0.0,0,0.0,0,0,0,0,0.0,0,0.0,0,0,0.0,0,0.0,0,0.0,0,0,0.0,0,0,0,0,0.0,0,0.0,0,0,0,0.0,0,0,0,0,0,0,0,0.0,0,0,0.0,0,0,0.0,0,0,0,0.0,0,0,0.0,0,0,0,0,0,0.0,0,0,0,0,0,0,0,0,0.0,0,0,0,0.0,0,0,0,0,2015-02-20 01:00:06.112000 AMERICA/NEW_YORK,2014-417,SECURITY SERVICES-MUNICIPAL COURT -COOP,"Mike Garcia Merchant Security, LLC",,,,,,
10,1513263,Mike Garcia Merchant Security,"Mike Garcia Merchant Security, LLC",6000 Welch,El Paso,TX,79905.0,561612.0,Security Guards and Patrol Services,1,0.0,0,0.0,0,2006-09-10,2008-09-09,1,,0.0,0,0.0,0.0,0.0,0.0,0,0.0,0,0,0.0,0,0.0,0,0.0,0,0.0,0,0.0,0,0,0,0,0.0,0,0.0,0,0,0.0,0,0.0,0,0.0,0,0,0.0,0,0,0,0,0.0,0,0.0,0,0,0,0.0,0,0,0,0,0,0,0,0.0,0,0,0.0,0,0,0.0,0,0,0,0.0,0,0,0.0,0,0,0,0,0,0.0,0,0,0,0,0,0,0,0,0.0,0,0,0,0.0,0,0,0,0,2015-02-20 01:00:06.112000 AMERICA/NEW_YORK,2015-658,SECURITY GUARD SERVICES ZOO,"Mike Garcia Merchant Security, LLC",,,,,,
11,1513263,Mike Garcia Merchant Security,"Mike Garcia Merchant Security, LLC",6000 Welch,El Paso,TX,79905.0,561612.0,Security Guards and Patrol Services,1,0.0,0,0.0,0,2006-09-10,2008-09-09,1,,0.0,0,0.0,0.0,0.0,0.0,0,0.0,0,0,0.0,0,0.0,0,0.0,0,0.0,0,0.0,0,0,0,0,0.0,0,0.0,0,0,0.0,0,0.0,0,0.0,0,0,0.0,0,0,0,0,0.0,0,0.0,0,0,0,0.0,0,0,0,0,0,0,0,0.0,0,0,0.0,0,0,0.0,0,0,0,0.0,0,0,0.0,0,0,0,0,0,0.0,0,0,0,0,0,0,0,0,0.0,0,0,0,0.0,0,0,0,0,2015-02-20 01:00:06.112000 AMERICA/NEW_YORK,2014-190,SECURITY SERVICES-MUNICIPAL COURT,"Mike Garcia Merchant Security, LLC",,,,,,
12,1513263,Mike Garcia Merchant Security,"Mike Garcia Merchant Security, LLC",6000 Welch,El Paso,TX,79905.0,561612.0,Security Guards and Patrol Services,1,0.0,0,0.0,0,2006-09-10,2008-09-09,1,,0.0,0,0.0,0.0,0.0,0.0,0,0.0,0,0,0.0,0,0.0,0,0.0,0,0.0,0,0.0,0,0,0,0,0.0,0,0.0,0,0,0.0,0,0.0,0,0.0,0,0,0.0,0,0,0,0,0.0,0,0.0,0,0,0,0.0,0,0,0,0,0,0,0,0.0,0,0,0.0,0,0,0.0,0,0,0,0.0,0,0,0.0,0,0,0,0,0,0.0,0,0,0,0,0,0,0,0,0.0,0,0,0,0.0,0,0,0,0,2015-02-20 01:00:06.112000 AMERICA/NEW_YORK,2014-417,SECURITY SERVICES-MUNICIPAL COURT -COOP,"Mike Garcia Merchant Security, LLC",,,,,,
13,1513263,Mike Garcia Merchant Security,"Mike Garcia Merchant Security, LLC",6000 Welch,El Paso,TX,79905.0,561612.0,Security Guards and Patrol Services,1,0.0,0,0.0,0,2006-09-10,2008-09-09,1,,0.0,0,0.0,0.0,0.0,0.0,0,0.0,0,0,0.0,0,0.0,0,0.0,0,0.0,0,0.0,0,0,0,0,0.0,0,0.0,0,0,0.0,0,0.0,0,0.0,0,0,0.0,0,0,0,0,0.0,0,0.0,0,0,0,0.0,0,0,0,0,0,0,0,0.0,0,0,0.0,0,0,0.0,0,0,0,0.0,0,0,0.0,0,0,0,0,0,0.0,0,0,0,0,0,0,0,0,0.0,0,0,0,0.0,0,0,0,0,2015-02-20 01:00:06.112000 AMERICA/NEW_YORK,2015-658,SECURITY GUARD SERVICES ZOO,"Mike Garcia Merchant Security, LLC",,,,,,
14,1681113,Mike Garcia Merchant Security,"Mike Garcia Merchant Security, LLC",5000 Welch Dr,El Paso,TX,79905.0,561612.0,Security Guards and Patrol Services,231,0.0,89,172440.22,89,2011-01-23,2012-12-02,0,,0.0,0,0.0,0.0,0.0,0.0,178,171646.36,89,0,0.0,0,0.0,0,0.0,0,0.0,0,0.0,0,0,0,0,0.0,0,0.0,0,0,0.0,0,0.0,0,0.0,0,53,793.86,53,0,0,0,0.0,0,0.0,0,0,0,0.0,0,0,0,0,0,0,0,0.0,0,0,0.0,0,0,0.0,0,0,0,0.0,0,0,0.0,0,0,0,0,0,0.0,0,0,0,0,0,0,0,0,0.0,0,0,0,0.0,0,0,0,0,2015-02-20 01:00:06.112000 AMERICA/NEW_YORK,2014-190,SECURITY SERVICES-MUNICIPAL COURT,"Mike Garcia Merchant Security, LLC",,,,,,
15,1681113,Mike Garcia Merchant Security,"Mike Garcia Merchant Security, LLC",5000 Welch Dr,El Paso,TX,79905.0,561612.0,Security Guards and Patrol Services,231,0.0,89,172440.22,89,2011-01-23,2012-12-02,0,,0.0,0,0.0,0.0,0.0,0.0,178,171646.36,89,0,0.0,0,0.0,0,0.0,0,0.0,0,0.0,0,0,0,0,0.0,0,0.0,0,0,0.0,0,0.0,0,0.0,0,53,793.86,53,0,0,0,0.0,0,0.0,0,0,0,0.0,0,0,0,0,0,0,0,0.0,0,0,0.0,0,0,0.0,0,0,0,0.0,0,0,0.0,0,0,0,0,0,0.0,0,0,0,0,0,0,0,0,0.0,0,0,0,0.0,0,0,0,0,2015-02-20 01:00:06.112000 AMERICA/NEW_YORK,2014-417,SECURITY SERVICES-MUNICIPAL COURT -COOP,"Mike Garcia Merchant Security, LLC",,,,,,
16,1681113,Mike Garcia Merchant Security,"Mike Garcia Merchant Security, LLC",5000 Welch Dr,El Paso,TX,79905.0,561612.0,Security Guards and Patrol Services,231,0.0,89,172440.22,89,2011-01-23,2012-12-02,0,,0.0,0,0.0,0.0,0.0,0.0,178,171646.36,89,0,0.0,0,0.0,0,0.0,0,0.0,0,0.0,0,0,0,0,0.0,0,0.0,0,0,0.0,0,0.0,0,0.0,0,53,793.86,53,0,0,0,0.0,0,0.0,0,0,0,0.0,0,0,0,0,0,0,0,0.0,0,0,0.0,0,0,0.0,0,0,0,0.0,0,0,0.0,0,0,0,0,0,0.0,0,0,0,0,0,0,0,0,0.0,0,0,0,0.0,0,0,0,0,2015-02-20 01:00:06.112000 AMERICA/NEW_YORK,2015-658,SECURITY GUARD SERVICES ZOO,"Mike Garcia Merchant Security, LLC",,,,,,
17,1681113,Mike Garcia Merchant Security,"Mike Garcia Merchant Security, LLC",5000 Welch Dr,El Paso,TX,79905.0,561612.0,Security Guards and Patrol Services,231,0.0,89,172440.22,89,2011-01-23,2012-12-02,0,,0.0,0,0.0,0.0,0.0,0.0,178,171646.36,89,0,0.0,0,0.0,0,0.0,0,0.0,0,0.0,0,0,0,0,0.0,0,0.0,0,0,0.0,0,0.0,0,0.0,0,53,793.86,53,0,0,0,0.0,0,0.0,0,0,0,0.0,0,0,0,0,0,0,0,0.0,0,0,0.0,0,0,0.0,0,0,0,0.0,0,0,0.0,0,0,0,0,0,0.0,0,0,0,0,0,0,0,0,0.0,0,0,0,0.0,0,0,0,0,2015-02-20 01:00:06.112000 AMERICA/NEW_YORK,2014-190,SECURITY SERVICES-MUNICIPAL COURT,"Mike Garcia Merchant Security, LLC",,,,,,
18,1681113,Mike Garcia Merchant Security,"Mike Garcia Merchant Security, LLC",5000 Welch Dr,El Paso,TX,79905.0,561612.0,Security Guards and Patrol Services,231,0.0,89,172440.22,89,2011-01-23,2012-12-02,0,,0.0,0,0.0,0.0,0.0,0.0,178,171646.36,89,0,0.0,0,0.0,0,0.0,0,0.0,0,0.0,0,0,0,0,0.0,0,0.0,0,0,0.0,0,0.0,0,0.0,0,53,793.86,53,0,0,0,0.0,0,0.0,0,0,0,0.0,0,0,0,0,0,0,0,0.0,0,0,0.0,0,0,0.0,0,0,0,0.0,0,0,0.0,0,0,0,0,0,0.0,0,0,0,0,0,0,0,0,0.0,0,0,0,0.0,0,0,0,0,2015-02-20 01:00:06.112000 AMERICA/NEW_YORK,2014-417,SECURITY SERVICES-MUNICIPAL COURT -COOP,"Mike Garcia Merchant Security, LLC",,,,,,
19,1681113,Mike Garcia Merchant Security,"Mike Garcia Merchant Security, LLC",5000 Welch Dr,El Paso,TX,79905.0,561612.0,Security Guards and Patrol Services,231,0.0,89,172440.22,89,2011-01-23,2012-12-02,0,,0.0,0,0.0,0.0,0.0,0.0,178,171646.36,89,0,0.0,0,0.0,0,0.0,0,0.0,0,0.0,0,0,0,0,0.0,0,0.0,0,0,0.0,0,0.0,0,0.0,0,53,793.86,53,0,0,0,0.0,0,0.0,0,0,0,0.0,0,0,0,0,0,0,0,0.0,0,0,0.0,0,0,0.0,0,0,0,0.0,0,0,0.0,0,0,0,0,0,0.0,0,0,0,0,0,0,0,0,0.0,0,0,0,0.0,0,0,0,0,2015-02-20 01:00:06.112000 AMERICA/NEW_YORK,2015-658,SECURITY GUARD SERVICES ZOO,"Mike Garcia Merchant Security, LLC",,,,,,
20,1723747,"Mike Garcia Merchant Security, LLC","Mike Garcia Merchant Security, LLC","6000 Welch, Suite 11",El Paso,TX,79905.0,561612,Security Guards and Patrol Services,2,0.0,1,26.54,1,2014-02-17,2014-05-02,2,,26.54,1,26.54,0.0,0.0,0.0,0,0.0,0,0,0.0,0,0.0,0,0.0,0,0.0,0,0.0,0,0,0,0,0.0,0,0.0,0,0,0.0,0,0.0,0,0.0,0,0,0.0,0,0,0,0,0.0,0,0.0,0,0,0,0.0,0,0,0,0,0,0,0,0.0,0,0,0.0,0,0,0.0,0,0,0,0.0,0,0,0.0,0,0,0,0,0,0.0,0,0,0,0,0,0,0,0,0.0,0,0,0,0.0,0,0,0,0,2015-02-20 01:00:06.112000 AMERICA/NEW_YORK,2014-190,SECURITY SERVICES-MUNICIPAL COURT,"Mike Garcia Merchant Security, LLC",,,,,,
21,1723747,"Mike Garcia Merchant Security, LLC","Mike Garcia Merchant Security, LLC","6000 Welch, Suite 11",El Paso,TX,79905.0,561612,Security Guards and Patrol Services,2,0.0,1,26.54,1,2014-02-17,2014-05-02,2,,26.54,1,26.54,0.0,0.0,0.0,0,0.0,0,0,0.0,0,0.0,0,0.0,0,0.0,0,0.0,0,0,0,0,0.0,0,0.0,0,0,0.0,0,0.0,0,0.0,0,0,0.0,0,0,0,0,0.0,0,0.0,0,0,0,0.0,0,0,0,0,0,0,0,0.0,0,0,0.0,0,0,0.0,0,0,0,0.0,0,0,0.0,0,0,0,0,0,0.0,0,0,0,0,0,0,0,0,0.0,0,0,0,0.0,0,0,0,0,2015-02-20 01:00:06.112000 AMERICA/NEW_YORK,2014-417,SECURITY SERVICES-MUNICIPAL COURT -COOP,"Mike Garcia Merchant Security, LLC",,,,,,
22,1723747,"Mike Garcia Merchant Security, LLC","Mike Garcia Merchant Security, LLC","6000 Welch, Suite 11",El Paso,TX,79905.0,561612,Security Guards and Patrol Services,2,0.0,1,26.54,1,2014-02-17,2014-05-02,2,,26.54,1,26.54,0.0,0.0,0.0,0,0.0,0,0,0.0,0,0.0,0,0.0,0,0.0,0,0.0,0,0,0,0,0.0,0,0.0,0,0,0.0,0,0.0,0,0.0,0,0,0.0,0,0,0,0,0.0,0,0.0,0,0,0,0.0,0,0,0,0,0,0,0,0.0,0,0,0.0,0,0,0.0,0,0,0,0.0,0,0,0.0,0,0,0,0,0,0.0,0,0,0,0,0,0,0,0,0.0,0,0,0,0.0,0,0,0,0,2015-02-20 01:00:06.112000 AMERICA/NEW_YORK,2015-658,SECURITY GUARD SERVICES ZOO,"Mike Garcia Merchant Security, LLC",,,,,,
23,1723747,"Mike Garcia Merchant Security, LLC","Mike Garcia Merchant Security, LLC","6000 Welch, Suite 11",El Paso,TX,79905.0,561612,Security Guards and Patrol Services,2,0.0,1,26.54,1,2014-02-17,2014-05-02,2,,26.54,1,26.54,0.0,0.0,0.0,0,0.0,0,0,0.0,0,0.0,0,0.0,0,0.0,0,0.0,0,0,0,0,0.0,0,0.0,0,0,0.0,0,0.0,0,0.0,0,0,0.0,0,0,0,0,0.0,0,0.0,0,0,0,0.0,0,0,0,0,0,0,0,0.0,0,0,0.0,0,0,0.0,0,0,0,0.0,0,0,0.0,0,0,0,0,0,0.0,0,0,0,0,0,0,0,0,0.0,0,0,0,0.0,0,0,0,0,2015-02-20 01:00:06.112000 AMERICA/NEW_YORK,2014-190,SECURITY SERVICES-MUNICIPAL COURT,"Mike Garcia Merchant Security, LLC",,,,,,
24,1723747,"Mike Garcia Merchant Security, LLC","Mike Garcia Merchant Security, LLC","6000 Welch, Suite 11",El Paso,TX,79905.0,561612,Security Guards and Patrol Services,2,0.0,1,26.54,1,2014-02-17,2014-05-02,2,,26.54,1,26.54,0.0,0.0,0.0,0,0.0,0,0,0.0,0,0.0,0,0.0,0,0.0,0,0.0,0,0,0,0,0.0,0,0.0,0,0,0.0,0,0.0,0,0.0,0,0,0.0,0,0,0,0,0.0,0,0.0,0,0,0,0.0,0,0,0,0,0,0,0,0.0,0,0,0.0,0,0,0.0,0,0,0,0.0,0,0,0.0,0,0,0,0,0,0.0,0,0,0,0,0,0,0,0,0.0,0,0,0,0.0,0,0,0,0,2015-02-20 01:00:06.112000 AMERICA/NEW_YORK,2014-417,SECURITY SERVICES-MUNICIPAL COURT -COOP,"Mike Garcia Merchant Security, LLC",,,,,,
25,1723747,"Mike Garcia Merchant Security, LLC","Mike Garcia Merchant Security, LLC","6000 Welch, Suite 11",El Paso,TX,79905.0,561612,Security Guards and Patrol Services,2,0.0,1,26.54,1,2014-02-17,2014-05-02,2,,26.54,1,26.54,0.0,0.0,0.0,0,0.0,0,0,0.0,0,0.0,0,0.0,0,0.0,0,0.0,0,0,0,0,0.0,0,0.0,0,0,0.0,0,0.0,0,0.0,0,0,0.0,0,0,0,0,0.0,0,0.0,0,0,0,0.0,0,0,0,0,0,0,0,0.0,0,0,0.0,0,0,0.0,0,0,0,0.0,0,0,0.0,0,0,0,0,0,0.0,0,0,0,0,0,0,0,0,0.0,0,0,0,0.0,0,0,0,0,2015-02-20 01:00:06.112000 AMERICA/NEW_YORK,2015-658,SECURITY GUARD SERVICES ZOO,"Mike Garcia Merchant Security, LLC",,,,,,
26,1709634,Pride General Contractors,"Pride General Contractors, LLC","5959 Gateway West, Ste 512",El Paso,TX,79925.0,238990,All Other Specialty Trade Contractors,13,0.0,11,5147.08,11,2011-12-11,2013-12-10,13,,5147.08,11,0.0,5147.08,0.0,0.0,0,0.0,0,0,0.0,0,0.0,0,0.0,0,0.0,0,0.0,0,0,0,0,0.0,0,0.0,0,0,0.0,0,0.0,0,0.0,0,0,0.0,0,0,0,0,0.0,0,0.0,0,0,0,0.0,0,0,0,0,0,0,0,0.0,0,0,0.0,0,0,0.0,0,0,0,0.0,0,0,0.0,0,0,0,0,0,0.0,0,0,0,0,0,0,0,0,0.0,0,0,0,0.0,0,0,0,0,2015-02-20 01:00:06.112000 AMERICA/NEW_YORK,2014-314,POOL RENOVATIONS - VETERANS PARK RECREATIONAL CENTER,"Pride General Contractors, LLC",,,,,,
27,1709634,Pride General Contractors,"Pride General Contractors, LLC","5959 Gateway West, Ste 512",El Paso,TX,79925.0,238990,All Other Specialty Trade Contractors,13,0.0,11,5147.08,11,2011-12-11,2013-12-10,13,,5147.08,11,0.0,5147.08,0.0,0.0,0,0.0,0,0,0.0,0,0.0,0,0.0,0,0.0,0,0.0,0,0,0,0,0.0,0,0.0,0,0,0.0,0,0.0,0,0.0,0,0,0.0,0,0,0,0,0.0,0,0.0,0,0,0,0.0,0,0,0,0,0,0,0,0.0,0,0,0.0,0,0,0.0,0,0,0,0.0,0,0,0.0,0,0,0,0,0,0.0,0,0,0,0,0,0,0,0,0.0,0,0,0,0.0,0,0,0,0,2015-02-20 01:00:06.112000 AMERICA/NEW_YORK,2014-386,9060 SOCORRO RD - ANMIAL CLINIC,"Pride General Contractors, LLC",,,,,,
28,1709634,Pride General Contractors,"Pride General Contractors, LLC","5959 Gateway West, Ste 512",El Paso,TX,79925.0,238990,All Other Specialty Trade Contractors,13,0.0,11,5147.08,11,2011-12-11,2013-12-10,13,,5147.08,11,0.0,5147.08,0.0,0.0,0,0.0,0,0,0.0,0,0.0,0,0.0,0,0.0,0,0.0,0,0,0,0,0.0,0,0.0,0,0,0.0,0,0.0,0,0.0,0,0,0.0,0,0,0,0,0.0,0,0.0,0,0,0,0.0,0,0,0,0,0,0,0,0.0,0,0,0.0,0,0,0.0,0,0,0,0.0,0,0,0.0,0,0,0,0,0,0.0,0,0,0,0,0,0,0,0,0.0,0,0,0,0.0,0,0,0,0,2015-02-20 01:00:06.112000 AMERICA/NEW_YORK,2014-532,DIGITAL WALL PAVILION,"Pride General Contractors, LLC",,,,,,
29,1709634,Pride General Contractors,"Pride General Contractors, LLC","5959 Gateway West, Ste 512",El Paso,TX,79925.0,238990,All Other Specialty Trade Contractors,13,0.0,11,5147.08,11,2011-12-11,2013-12-10,13,,5147.08,11,0.0,5147.08,0.0,0.0,0,0.0,0,0,0.0,0,0.0,0,0.0,0,0.0,0,0.0,0,0,0,0,0.0,0,0.0,0,0,0.0,0,0.0,0,0.0,0,0,0.0,0,0,0,0,0.0,0,0.0,0,0,0,0.0,0,0,0,0,0,0,0,0.0,0,0,0.0,0,0,0.0,0,0,0,0.0,0,0,0.0,0,0,0,0,0,0.0,0,0,0,0,0,0,0,0,0.0,0,0,0,0.0,0,0,0,0,2015-02-20 01:00:06.112000 AMERICA/NEW_YORK,2015-032,"REG19 12-6814 - Framing, Dry Wall, Painting & Related","Pride General Contractors, LLC",,,,,,
30,1709634,Pride General Contractors,"Pride General Contractors, LLC","5959 Gateway West, Ste 512",El Paso,TX,79925.0,238990,All Other Specialty Trade Contractors,13,0.0,11,5147.08,11,2011-12-11,2013-12-10,13,,5147.08,11,0.0,5147.08,0.0,0.0,0,0.0,0,0,0.0,0,0.0,0,0.0,0,0.0,0,0.0,0,0,0,0,0.0,0,0.0,0,0,0.0,0,0.0,0,0.0,0,0,0.0,0,0,0,0,0.0,0,0.0,0,0,0,0.0,0,0,0,0,0,0,0,0.0,0,0,0.0,0,0,0.0,0,0,0,0.0,0,0,0.0,0,0,0,0,0,0.0,0,0,0,0,0,0,0,0,0.0,0,0,0,0.0,0,0,0,0,2015-02-20 01:00:06.112000 AMERICA/NEW_YORK,2015-1003,FD F.S. #14 RENOVATIONS,"Pride General Contractors, LLC",,,,,,
31,1709634,Pride General Contractors,"Pride General Contractors, LLC","5959 Gateway West, Ste 512",El Paso,TX,79925.0,238990,All Other Specialty Trade Contractors,13,0.0,11,5147.08,11,2011-12-11,2013-12-10,13,,5147.08,11,0.0,5147.08,0.0,0.0,0,0.0,0,0,0.0,0,0.0,0,0.0,0,0.0,0,0.0,0,0,0,0,0.0,0,0.0,0,0,0.0,0,0.0,0,0.0,0,0,0.0,0,0,0,0,0.0,0,0.0,0,0,0,0.0,0,0,0,0,0,0,0,0.0,0,0,0.0,0,0,0.0,0,0,0,0.0,0,0,0.0,0,0,0,0,0,0.0,0,0,0,0,0,0,0,0,0.0,0,0,0,0.0,0,0,0,0,2015-02-20 01:00:06.112000 AMERICA/NEW_YORK,2015-1050,PRIDE GENERAL CONTRACTOR,"Pride General Contractors, LLC",,,,,,
32,1709634,Pride General Contractors,"Pride General Contractors, LLC","5959 Gateway West, Ste 512",El Paso,TX,79925.0,238990,All Other Specialty Trade Contractors,13,0.0,11,5147.08,11,2011-12-11,2013-12-10,13,,5147.08,11,0.0,5147.08,0.0,0.0,0,0.0,0,0,0.0,0,0.0,0,0.0,0,0.0,0,0.0,0,0,0,0,0.0,0,0.0,0,0,0.0,0,0.0,0,0.0,0,0,0.0,0,0,0,0,0.0,0,0.0,0,0,0,0.0,0,0,0,0,0,0,0,0.0,0,0,0.0,0,0,0.0,0,0,0,0.0,0,0,0.0,0,0,0,0,0,0.0,0,0,0,0,0,0,0,0,0.0,0,0,0,0.0,0,0,0,0,2015-02-20 01:00:06.112000 AMERICA/NEW_YORK,2015-1117,"REG 19  12-6814 FRAMING, DRY WALL, PAINTING & RELATED 
(Fire Station 13 Building Construction and Renovation, Related Items, Building and Painting)","Pride General Contractors, LLC",,,,,,
33,1709634,Pride General Contractors,"Pride General Contractors, LLC","5959 Gateway West, Ste 512",El Paso,TX,79925.0,238990,All Other Specialty Trade Contractors,13,0.0,11,5147.08,11,2011-12-11,2013-12-10,13,,5147.08,11,0.0,5147.08,0.0,0.0,0,0.0,0,0,0.0,0,0.0,0,0.0,0,0.0,0,0.0,0,0,0,0,0.0,0,0.0,0,0,0.0,0,0.0,0,0.0,0,0,0.0,0,0,0,0,0.0,0,0.0,0,0,0,0.0,0,0,0,0,0,0,0,0.0,0,0,0.0,0,0,0.0,0,0,0,0.0,0,0,0.0,0,0,0,0,0,0.0,0,0,0,0,0,0,0,0,0.0,0,0,0,0.0,0,0,0,0,2015-02-20 01:00:06.112000 AMERICA/NEW_YORK,2015-1154,PRIDE GENERAL ,"Pride General Contractors, LLC",,,,,,
34,1709634,Pride General Contractors,"Pride General Contractors, LLC","5959 Gateway West, Ste 512",El Paso,TX,79925.0,238990,All Other Specialty Trade Contractors,13,0.0,11,5147.08,11,2011-12-11,2013-12-10,13,,5147.08,11,0.0,5147.08,0.0,0.0,0,0.0,0,0,0.0,0,0.0,0,0.0,0,0.0,0,0.0,0,0,0,0,0.0,0,0.0,0,0,0.0,0,0.0,0,0.0,0,0,0.0,0,0,0,0,0.0,0,0.0,0,0,0,0.0,0,0,0,0,0,0,0,0.0,0,0,0.0,0,0,0.0,0,0,0,0.0,0,0,0.0,0,0,0,0,0,0.0,0,0,0,0,0,0,0,0,0.0,0,0,0,0.0,0,0,0,0,2015-02-20 01:00:06.112000 AMERICA/NEW_YORK,2015-414,"REGION 19 12-6814 FRAMING, DRY WALL, PAINTING & RELATED ","Pride General Contractors, LLC",,,,,,
35,1709634,Pride General Contractors,"Pride General Contractors, LLC","5959 Gateway West, Ste 512",El Paso,TX,79925.0,238990,All Other Specialty Trade Contractors,13,0.0,11,5147.08,11,2011-12-11,2013-12-10,13,,5147.08,11,0.0,5147.08,0.0,0.0,0,0.0,0,0,0.0,0,0.0,0,0.0,0,0.0,0,0.0,0,0,0,0,0.0,0,0.0,0,0,0.0,0,0.0,0,0.0,0,0,0.0,0,0,0,0,0.0,0,0.0,0,0,0,0.0,0,0,0,0,0,0,0,0.0,0,0,0.0,0,0,0.0,0,0,0,0.0,0,0,0.0,0,0,0,0,0,0.0,0,0,0,0,0,0,0,0,0.0,0,0,0,0.0,0,0,0,0,2015-02-20 01:00:06.112000 AMERICA/NEW_YORK,2015-465,SKILLED LABOR SERVICES,"Pride General Contractors, LLC",,,,,,
36,1709634,Pride General Contractors,"Pride General Contractors, LLC","5959 Gateway West, Ste 512",El Paso,TX,79925.0,238990,All Other Specialty Trade Contractors,13,0.0,11,5147.08,11,2011-12-11,2013-12-10,13,,5147.08,11,0.0,5147.08,0.0,0.0,0,0.0,0,0,0.0,0,0.0,0,0.0,0,0.0,0,0.0,0,0,0,0,0.0,0,0.0,0,0,0.0,0,0.0,0,0.0,0,0,0.0,0,0,0,0,0.0,0,0.0,0,0,0,0.0,0,0,0,0,0,0,0,0.0,0,0,0.0,0,0,0.0,0,0,0,0.0,0,0,0.0,0,0,0,0,0,0.0,0,0,0,0,0,0,0,0,0.0,0,0,0,0.0,0,0,0,0,2015-02-20 01:00:06.112000 AMERICA/NEW_YORK,2015-698,"REG19 12-6814 - (Framing, Dry Wall, Painting & Related) Fire Station Window Replacements Project","Pride General Contractors, LLC",,,,,,
37,1709634,Pride General Contractors,"Pride General Contractors, LLC","5959 Gateway West, Ste 512",El Paso,TX,79925.0,238990,All Other Specialty Trade Contractors,13,0.0,11,5147.08,11,2011-12-11,2013-12-10,13,,5147.08,11,0.0,5147.08,0.0,0.0,0,0.0,0,0,0.0,0,0.0,0,0.0,0,0.0,0,0.0,0,0,0,0,0.0,0,0.0,0,0,0.0,0,0.0,0,0.0,0,0,0.0,0,0,0,0,0.0,0,0.0,0,0,0,0.0,0,0,0,0,0,0,0,0.0,0,0,0.0,0,0,0.0,0,0,0,0.0,0,0,0.0,0,0,0,0,0,0.0,0,0,0,0,0,0,0,0,0.0,0,0,0,0.0,0,0,0,0,2015-02-20 01:00:06.112000 AMERICA/NEW_YORK,2015-779,"REG19 12-6814 - Power Wash, Patch, Seal, Paint Exterior Walls, (Framing, Dry Wall, Painting & Related)","Pride General Contractors, LLC",,,,,,
38,1709634,Pride General Contractors,"Pride General Contractors, LLC","5959 Gateway West, Ste 512",El Paso,TX,79925.0,238990,All Other Specialty Trade Contractors,13,0.0,11,5147.08,11,2011-12-11,2013-12-10,13,,5147.08,11,0.0,5147.08,0.0,0.0,0,0.0,0,0,0.0,0,0.0,0,0.0,0,0.0,0,0.0,0,0,0,0,0.0,0,0.0,0,0,0.0,0,0.0,0,0.0,0,0,0.0,0,0,0,0,0.0,0,0.0,0,0,0,0.0,0,0,0,0,0,0,0,0.0,0,0,0.0,0,0,0.0,0,0,0,0.0,0,0,0.0,0,0,0,0,0,0.0,0,0,0,0,0,0,0,0,0.0,0,0,0,0.0,0,0,0,0,2015-02-20 01:00:06.112000 AMERICA/NEW_YORK,2014-314,POOL RENOVATIONS - VETERANS PARK RECREATIONAL CENTER,"Pride General Contractors, LLC",,,,,,
39,1709634,Pride General Contractors,"Pride General Contractors, LLC","5959 Gateway West, Ste 512",El Paso,TX,79925.0,238990,All Other Specialty Trade Contractors,13,0.0,11,5147.08,11,2011-12-11,2013-12-10,13,,5147.08,11,0.0,5147.08,0.0,0.0,0,0.0,0,0,0.0,0,0.0,0,0.0,0,0.0,0,0.0,0,0,0,0,0.0,0,0.0,0,0,0.0,0,0.0,0,0.0,0,0,0.0,0,0,0,0,0.0,0,0.0,0,0,0,0.0,0,0,0,0,0,0,0,0.0,0,0,0.0,0,0,0.0,0,0,0,0.0,0,0,0.0,0,0,0,0,0,0.0,0,0,0,0,0,0,0,0,0.0,0,0,0,0.0,0,0,0,0,2015-02-20 01:00:06.112000 AMERICA/NEW_YORK,2014-386,9060 SOCORRO RD - ANMIAL CLINIC,"Pride General Contractors, LLC",,,,,,
40,1709634,Pride General Contractors,"Pride General Contractors, LLC","5959 Gateway West, Ste 512",El Paso,TX,79925.0,238990,All Other Specialty Trade Contractors,13,0.0,11,5147.08,11,2011-12-11,2013-12-10,13,,5147.08,11,0.0,5147.08,0.0,0.0,0,0.0,0,0,0.0,0,0.0,0,0.0,0,0.0,0,0.0,0,0,0,0,0.0,0,0.0,0,0,0.0,0,0.0,0,0.0,0,0,0.0,0,0,0,0,0.0,0,0.0,0,0,0,0.0,0,0,0,0,0,0,0,0.0,0,0,0.0,0,0,0.0,0,0,0,0.0,0,0,0.0,0,0,0,0,0,0.0,0,0,0,0,0,0,0,0,0.0,0,0,0,0.0,0,0,0,0,2015-02-20 01:00:06.112000 AMERICA/NEW_YORK,2014-532,DIGITAL WALL PAVILION,"Pride General Contractors, LLC",,,,,,
41,1709634,Pride General Contractors,"Pride General Contractors, LLC","5959 Gateway West, Ste 512",El Paso,TX,79925.0,238990,All Other Specialty Trade Contractors,13,0.0,11,5147.08,11,2011-12-11,2013-12-10,13,,5147.08,11,0.0,5147.08,0.0,0.0,0,0.0,0,0,0.0,0,0.0,0,0.0,0,0.0,0,0.0,0,0,0,0,0.0,0,0.0,0,0,0.0,0,0.0,0,0.0,0,0,0.0,0,0,0,0,0.0,0,0.0,0,0,0,0.0,0,0,0,0,0,0,0,0.0,0,0,0.0,0,0,0.0,0,0,0,0.0,0,0,0.0,0,0,0,0,0,0.0,0,0,0,0,0,0,0,0,0.0,0,0,0,0.0,0,0,0,0,2015-02-20 01:00:06.112000 AMERICA/NEW_YORK,2015-032,"REG19 12-6814 - Framing, Dry Wall, Painting & Related","Pride General Contractors, LLC",,,,,,
42,1709634,Pride General Contractors,"Pride General Contractors, LLC","5959 Gateway West, Ste 512",El Paso,TX,79925.0,238990,All Other Specialty Trade Contractors,13,0.0,11,5147.08,11,2011-12-11,2013-12-10,13,,5147.08,11,0.0,5147.08,0.0,0.0,0,0.0,0,0,0.0,0,0.0,0,0.0,0,0.0,0,0.0,0,0,0,0,0.0,0,0.0,0,0,0.0,0,0.0,0,0.0,0,0,0.0,0,0,0,0,0.0,0,0.0,0,0,0,0.0,0,0,0,0,0,0,0,0.0,0,0,0.0,0,0,0.0,0,0,0,0.0,0,0,0.0,0,0,0,0,0,0.0,0,0,0,0,0,0,0,0,0.0,0,0,0,0.0,0,0,0,0,2015-02-20 01:00:06.112000 AMERICA/NEW_YORK,2015-1003,FD F.S. #14 RENOVATIONS,"Pride General Contractors, LLC",,,,,,
43,1709634,Pride General Contractors,"Pride General Contractors, LLC","5959 Gateway West, Ste 512",El Paso,TX,79925.0,238990,All Other Specialty Trade Contractors,13,0.0,11,5147.08,11,2011-12-11,2013-12-10,13,,5147.08,11,0.0,5147.08,0.0,0.0,0,0.0,0,0,0.0,0,0.0,0,0.0,0,0.0,0,0.0,0,0,0,0,0.0,0,0.0,0,0,0.0,0,0.0,0,0.0,0,0,0.0,0,0,0,0,0.0,0,0.0,0,0,0,0.0,0,0,0,0,0,0,0,0.0,0,0,0.0,0,0,0.0,0,0,0,0.0,0,0,0.0,0,0,0,0,0,0.0,0,0,0,0,0,0,0,0,0.0,0,0,0,0.0,0,0,0,0,2015-02-20 01:00:06.112000 AMERICA/NEW_YORK,2015-1050,PRIDE GENERAL CONTRACTOR,"Pride General Contractors, LLC",,,,,,
44,1709634,Pride General Contractors,"Pride General Contractors, LLC","5959 Gateway West, Ste 512",El Paso,TX,79925.0,238990,All Other Specialty Trade Contractors,13,0.0,11,5147.08,11,2011-12-11,2013-12-10,13,,5147.08,11,0.0,5147.08,0.0,0.0,0,0.0,0,0,0.0,0,0.0,0,0.0,0,0.0,0,0.0,0,0,0,0,0.0,0,0.0,0,0,0.0,0,0.0,0,0.0,0,0,0.0,0,0,0,0,0.0,0,0.0,0,0,0,0.0,0,0,0,0,0,0,0,0.0,0,0,0.0,0,0,0.0,0,0,0,0.0,0,0,0.0,0,0,0,0,0,0.0,0,0,0,0,0,0,0,0,0.0,0,0,0,0.0,0,0,0,0,2015-02-20 01:00:06.112000 AMERICA/NEW_YORK,2015-1117,"REG 19  12-6814 FRAMING, DRY WALL, PAINTING & RELATED 
(Fire Station 13 Building Construction and Renovation, Related Items, Building and Painting)","Pride General Contractors, LLC",,,,,,
45,1709634,Pride General Contractors,"Pride General Contractors, LLC","5959 Gateway West, Ste 512",El Paso,TX,79925.0,238990,All Other Specialty Trade Contractors,13,0.0,11,5147.08,11,2011-12-11,2013-12-10,13,,5147.08,11,0.0,5147.08,0.0,0.0,0,0.0,0,0,0.0,0,0.0,0,0.0,0,0.0,0,0.0,0,0,0,0,0.0,0,0.0,0,0,0.0,0,0.0,0,0.0,0,0,0.0,0,0,0,0,0.0,0,0.0,0,0,0,0.0,0,0,0,0,0,0,0,0.0,0,0,0.0,0,0,0.0,0,0,0,0.0,0,0,0.0,0,0,0,0,0,0.0,0,0,0,0,0,0,0,0,0.0,0,0,0,0.0,0,0,0,0,2015-02-20 01:00:06.112000 AMERICA/NEW_YORK,2015-1154,PRIDE GENERAL ,"Pride General Contractors, LLC",,,,,,
46,1709634,Pride General Contractors,"Pride General Contractors, LLC","5959 Gateway West, Ste 512",El Paso,TX,79925.0,238990,All Other Specialty Trade Contractors,13,0.0,11,5147.08,11,2011-12-11,2013-12-10,13,,5147.08,11,0.0,5147.08,0.0,0.0,0,0.0,0,0,0.0,0,0.0,0,0.0,0,0.0,0,0.0,0,0,0,0,0.0,0,0.0,0,0,0.0,0,0.0,0,0.0,0,0,0.0,0,0,0,0,0.0,0,0.0,0,0,0,0.0,0,0,0,0,0,0,0,0.0,0,0,0.0,0,0,0.0,0,0,0,0.0,0,0,0.0,0,0,0,0,0,0.0,0,0,0,0,0,0,0,0,0.0,0,0,0,0.0,0,0,0,0,2015-02-20 01:00:06.112000 AMERICA/NEW_YORK,2015-414,"REGION 19 12-6814 FRAMING, DRY WALL, PAINTING & RELATED ","Pride General Contractors, LLC",,,,,,
47,1709634,Pride General Contractors,"Pride General Contractors, LLC","5959 Gateway West, Ste 512",El Paso,TX,79925.0,238990,All Other Specialty Trade Contractors,13,0.0,11,5147.08,11,2011-12-11,2013-12-10,13,,5147.08,11,0.0,5147.08,0.0,0.0,0,0.0,0,0,0.0,0,0.0,0,0.0,0,0.0,0,0.0,0,0,0,0,0.0,0,0.0,0,0,0.0,0,0.0,0,0.0,0,0,0.0,0,0,0,0,0.0,0,0.0,0,0,0,0.0,0,0,0,0,0,0,0,0.0,0,0,0.0,0,0,0.0,0,0,0,0.0,0,0,0.0,0,0,0,0,0,0.0,0,0,0,0,0,0,0,0,0.0,0,0,0,0.0,0,0,0,0,2015-02-20 01:00:06.112000 AMERICA/NEW_YORK,2015-465,SKILLED LABOR SERVICES,"Pride General Contractors, LLC",,,,,,
48,1709634,Pride General Contractors,"Pride General Contractors, LLC","5959 Gateway West, Ste 512",El Paso,TX,79925.0,238990,All Other Specialty Trade Contractors,13,0.0,11,5147.08,11,2011-12-11,2013-12-10,13,,5147.08,11,0.0,5147.08,0.0,0.0,0,0.0,0,0,0.0,0,0.0,0,0.0,0,0.0,0,0.0,0,0,0,0,0.0,0,0.0,0,0,0.0,0,0.0,0,0.0,0,0,0.0,0,0,0,0,0.0,0,0.0,0,0,0,0.0,0,0,0,0,0,0,0,0.0,0,0,0.0,0,0,0.0,0,0,0,0.0,0,0,0.0,0,0,0,0,0,0.0,0,0,0,0,0,0,0,0,0.0,0,0,0,0.0,0,0,0,0,2015-02-20 01:00:06.112000 AMERICA/NEW_YORK,2015-698,"REG19 12-6814 - (Framing, Dry Wall, Painting & Related) Fire Station Window Replacements Project","Pride General Contractors, LLC",,,,,,
49,1709634,Pride General Contractors,"Pride General Contractors, LLC","5959 Gateway West, Ste 512",El Paso,TX,79925.0,238990,All Other Specialty Trade Contractors,13,0.0,11,5147.08,11,2011-12-11,2013-12-10,13,,5147.08,11,0.0,5147.08,0.0,0.0,0,0.0,0,0,0.0,0,0.0,0,0.0,0,0.0,0,0.0,0,0,0,0,0.0,0,0.0,0,0,0.0,0,0.0,0,0.0,0,0,0.0,0,0,0,0,0.0,0,0.0,0,0,0,0.0,0,0,0,0,0,0,0,0.0,0,0,0.0,0,0,0.0,0,0,0,0.0,0,0,0.0,0,0,0,0,0,0.0,0,0,0,0,0,0,0,0,0.0,0,0,0,0.0,0,0,0,0,2015-02-20 01:00:06.112000 AMERICA/NEW_YORK,2015-779,"REG19 12-6814 - Power Wash, Patch, Seal, Paint Exterior Walls, (Framing, Dry Wall, Painting & Related)","Pride General Contractors, LLC",,,,,,
50,1691875,Wood Floors By Beto,,4416 N. Mesa,El Paso,TX,79902.0,236220,Commercial and Institutional Building Construction,5,0.0,5,1759.55,5,2009-02-26,2010-04-08,0,,0.0,0,0.0,0.0,0.0,0.0,0,0.0,0,0,0.0,0,0.0,0,0.0,0,0.0,0,0.0,0,0,0,0,0.0,0,0.0,0,0,0.0,0,0.0,0,0.0,0,0,0.0,0,0,0,0,0.0,0,0.0,0,0,0,0.0,0,0,0,0,0,0,0,0.0,0,0,0.0,0,0,0.0,0,0,0,0.0,0,0,0.0,0,0,0,0,0,0.0,0,0,0,0,0,0,0,0,0.0,0,0,0,0.0,0,0,0,0,2015-05-08 01:00:06.172000 AMERICA/NEW_YORK,2016-158,NEWSPAPER LEGAL NOTICES,,,,,,,
51,1691875,Wood Floors By Beto,,4416 N. Mesa,El Paso,TX,79902.0,236220,Commercial and Institutional Building Construction,5,0.0,5,1759.55,5,2009-02-26,2010-04-08,0,,0.0,0,0.0,0.0,0.0,0.0,0,0.0,0,0,0.0,0,0.0,0,0.0,0,0.0,0,0.0,0,0,0,0,0.0,0,0.0,0,0,0.0,0,0.0,0,0.0,0,0,0.0,0,0,0,0,0.0,0,0.0,0,0,0,0.0,0,0,0,0,0,0,0,0.0,0,0,0.0,0,0,0.0,0,0,0,0.0,0,0,0.0,0,0,0,0,0,0.0,0,0,0,0,0,0,0,0,0.0,0,0,0,0.0,0,0,0,0,2015-05-08 01:00:06.172000 AMERICA/NEW_YORK,2016-632,STREETLIGHT MAINTENANCE CONTRACT,,,,,,,
52,1691875,Wood Floors By Beto,,4416 N. Mesa,El Paso,TX,79902.0,236220,Commercial and Institutional Building Construction,5,0.0,5,1759.55,5,2009-02-26,2010-04-08,0,,0.0,0,0.0,0.0,0.0,0.0,0,0.0,0,0,0.0,0,0.0,0,0.0,0,0.0,0,0.0,0,0,0,0,0.0,0,0.0,0,0,0.0,0,0.0,0,0.0,0,0,0.0,0,0,0,0,0.0,0,0.0,0,0,0,0.0,0,0,0,0,0,0,0,0.0,0,0,0.0,0,0,0.0,0,0,0,0.0,0,0,0.0,0,0,0,0,0,0.0,0,0,0,0,0,0,0,0,0.0,0,0,0,0.0,0,0,0,0,2015-05-08 01:00:06.172000 AMERICA/NEW_YORK,2016-809,MAINTENANCE OF UNINTERRUPTED POWER SUPPLY EQUIPMENT (RE-BID),,,,,,,
53,1691875,Wood Floors By Beto,,4416 N. Mesa,El Paso,TX,79902.0,236220,Commercial and Institutional Building Construction,5,0.0,5,1759.55,5,2009-02-26,2010-04-08,0,,0.0,0,0.0,0.0,0.0,0.0,0,0.0,0,0,0.0,0,0.0,0,0.0,0,0.0,0,0.0,0,0,0,0,0.0,0,0.0,0,0,0.0,0,0.0,0,0.0,0,0,0.0,0,0,0,0,0.0,0,0.0,0,0,0,0.0,0,0,0,0,0,0,0,0.0,0,0,0.0,0,0,0.0,0,0,0,0.0,0,0,0.0,0,0,0,0,0,0.0,0,0,0,0,0,0,0,0,0.0,0,0,0,0.0,0,0,0,0,2015-05-08 01:00:06.172000 AMERICA/NEW_YORK,2016-821,CITYWIDE L.E.D. STREET LIGHT MAINTENANCE,,,,,,,
54,1691875,Wood Floors By Beto,,4416 N. Mesa,El Paso,TX,79902.0,236220,Commercial and Institutional Building Construction,5,0.0,5,1759.55,5,2009-02-26,2010-04-08,0,,0.0,0,0.0,0.0,0.0,0.0,0,0.0,0,0,0.0,0,0.0,0,0.0,0,0.0,0,0.0,0,0,0,0,0.0,0,0.0,0,0,0.0,0,0.0,0,0.0,0,0,0.0,0,0,0,0,0.0,0,0.0,0,0,0,0.0,0,0,0,0,0,0,0,0.0,0,0,0.0,0,0,0.0,0,0,0,0.0,0,0,0.0,0,0,0,0,0,0.0,0,0,0,0,0,0,0,0,0.0,0,0,0,0.0,0,0,0,0,2015-05-08 01:00:06.172000 AMERICA/NEW_YORK,2016-158,NEWSPAPER LEGAL NOTICES,,,,,,,
55,1691875,Wood Floors By Beto,,4416 N. Mesa,El Paso,TX,79902.0,236220,Commercial and Institutional Building Construction,5,0.0,5,1759.55,5,2009-02-26,2010-04-08,0,,0.0,0,0.0,0.0,0.0,0.0,0,0.0,0,0,0.0,0,0.0,0,0.0,0,0.0,0,0.0,0,0,0,0,0.0,0,0.0,0,0,0.0,0,0.0,0,0.0,0,0,0.0,0,0,0,0,0.0,0,0.0,0,0,0,0.0,0,0,0,0,0,0,0,0.0,0,0,0.0,0,0,0.0,0,0,0,0.0,0,0,0.0,0,0,0,0,0,0.0,0,0,0,0,0,0,0,0,0.0,0,0,0,0.0,0,0,0,0,2015-05-08 01:00:06.172000 AMERICA/NEW_YORK,2016-632,STREETLIGHT MAINTENANCE CONTRACT,,,,,,,
56,1691875,Wood Floors By Beto,,4416 N. Mesa,El Paso,TX,79902.0,236220,Commercial and Institutional Building Construction,5,0.0,5,1759.55,5,2009-02-26,2010-04-08,0,,0.0,0,0.0,0.0,0.0,0.0,0,0.0,0,0,0.0,0,0.0,0,0.0,0,0.0,0,0.0,0,0,0,0,0.0,0,0.0,0,0,0.0,0,0.0,0,0.0,0,0,0.0,0,0,0,0,0.0,0,0.0,0,0,0,0.0,0,0,0,0,0,0,0,0.0,0,0,0.0,0,0,0.0,0,0,0,0.0,0,0,0.0,0,0,0,0,0,0.0,0,0,0,0,0,0,0,0,0.0,0,0,0,0.0,0,0,0,0,2015-05-08 01:00:06.172000 AMERICA/NEW_YORK,2016-809,MAINTENANCE OF UNINTERRUPTED POWER SUPPLY EQUIPMENT (RE-BID),,,,,,,
57,1691875,Wood Floors By Beto,,4416 N. Mesa,El Paso,TX,79902.0,236220,Commercial and Institutional Building Construction,5,0.0,5,1759.55,5,2009-02-26,2010-04-08,0,,0.0,0,0.0,0.0,0.0,0.0,0,0.0,0,0,0.0,0,0.0,0,0.0,0,0.0,0,0.0,0,0,0,0,0.0,0,0.0,0,0,0.0,0,0.0,0,0.0,0,0,0.0,0,0,0,0,0.0,0,0.0,0,0,0,0.0,0,0,0,0,0,0,0,0.0,0,0,0.0,0,0,0.0,0,0,0,0.0,0,0,0.0,0,0,0,0,0,0.0,0,0,0,0,0,0,0,0,0.0,0,0,0,0.0,0,0,0,0,2015-05-08 01:00:06.172000 AMERICA/NEW_YORK,2016-821,CITYWIDE L.E.D. STREET LIGHT MAINTENANCE,,,,,,,
58,1691875,Wood Floors By Beto,,4416 N. Mesa,El Paso,TX,79902.0,236220,Commercial and Institutional Building Construction,5,0.0,5,1759.55,5,2009-02-26,2010-04-08,0,,0.0,0,0.0,0.0,0.0,0.0,0,0.0,0,0,0.0,0,0.0,0,0.0,0,0.0,0,0.0,0,0,0,0,0.0,0,0.0,0,0,0.0,0,0.0,0,0.0,0,0,0.0,0,0,0,0,0.0,0,0.0,0,0,0,0.0,0,0,0,0,0,0,0,0.0,0,0,0.0,0,0,0.0,0,0,0,0.0,0,0,0.0,0,0,0,0,0,0.0,0,0,0,0,0,0,0,0,0.0,0,0,0,0.0,0,0,0,0,2015-05-08 01:00:06.172000 AMERICA/NEW_YORK,2017-1382,SCBA BOTTLES - HGAC EE08-15,,,,,,,
59,1593980,Criskey,,"9627 Sims, Suite M",El Paso,TX,79925.0,517212,Cellular and Other Wireless Telecommunications,0,0.0,0,0.0,0,2009-11-14,2010-12-17,0,,0.0,0,0.0,0.0,0.0,0.0,0,0.0,0,0,0.0,0,0.0,0,0.0,0,0.0,0,0.0,0,0,0,0,0.0,0,0.0,0,0,0.0,0,0.0,0,0.0,0,0,0.0,0,0,0,0,0.0,0,0.0,0,0,0,0.0,0,0,0,0,0,0,0,0.0,0,0,0.0,0,0,0.0,0,0,0,0.0,0,0,0.0,0,0,0,0,0,0.0,0,0,0,0,0,0,0,0,0.0,0,0,0,0.0,0,0,0,0,2015-02-20 01:00:06.112000 AMERICA/NEW_YORK,2016-158,NEWSPAPER LEGAL NOTICES,,,,,,,
60,1593980,Criskey,,"9627 Sims, Suite M",El Paso,TX,79925.0,517212,Cellular and Other Wireless Telecommunications,0,0.0,0,0.0,0,2009-11-14,2010-12-17,0,,0.0,0,0.0,0.0,0.0,0.0,0,0.0,0,0,0.0,0,0.0,0,0.0,0,0.0,0,0.0,0,0,0,0,0.0,0,0.0,0,0,0.0,0,0.0,0,0.0,0,0,0.0,0,0,0,0,0.0,0,0.0,0,0,0,0.0,0,0,0,0,0,0,0,0.0,0,0,0.0,0,0,0.0,0,0,0,0.0,0,0,0.0,0,0,0,0,0,0.0,0,0,0,0,0,0,0,0,0.0,0,0,0,0.0,0,0,0,0,2015-02-20 01:00:06.112000 AMERICA/NEW_YORK,2016-632,STREETLIGHT MAINTENANCE CONTRACT,,,,,,,
61,1593980,Criskey,,"9627 Sims, Suite M",El Paso,TX,79925.0,517212,Cellular and Other Wireless Telecommunications,0,0.0,0,0.0,0,2009-11-14,2010-12-17,0,,0.0,0,0.0,0.0,0.0,0.0,0,0.0,0,0,0.0,0,0.0,0,0.0,0,0.0,0,0.0,0,0,0,0,0.0,0,0.0,0,0,0.0,0,0.0,0,0.0,0,0,0.0,0,0,0,0,0.0,0,0.0,0,0,0,0.0,0,0,0,0,0,0,0,0.0,0,0,0.0,0,0,0.0,0,0,0,0.0,0,0,0.0,0,0,0,0,0,0.0,0,0,0,0,0,0,0,0,0.0,0,0,0,0.0,0,0,0,0,2015-02-20 01:00:06.112000 AMERICA/NEW_YORK,2016-809,MAINTENANCE OF UNINTERRUPTED POWER SUPPLY EQUIPMENT (RE-BID),,,,,,,
62,1593980,Criskey,,"9627 Sims, Suite M",El Paso,TX,79925.0,517212,Cellular and Other Wireless Telecommunications,0,0.0,0,0.0,0,2009-11-14,2010-12-17,0,,0.0,0,0.0,0.0,0.0,0.0,0,0.0,0,0,0.0,0,0.0,0,0.0,0,0.0,0,0.0,0,0,0,0,0.0,0,0.0,0,0,0.0,0,0.0,0,0.0,0,0,0.0,0,0,0,0,0.0,0,0.0,0,0,0,0.0,0,0,0,0,0,0,0,0.0,0,0,0.0,0,0,0.0,0,0,0,0.0,0,0,0.0,0,0,0,0,0,0.0,0,0,0,0,0,0,0,0,0.0,0,0,0,0.0,0,0,0,0,2015-02-20 01:00:06.112000 AMERICA/NEW_YORK,2016-821,CITYWIDE L.E.D. STREET LIGHT MAINTENANCE,,,,,,,
63,1593980,Criskey,,"9627 Sims, Suite M",El Paso,TX,79925.0,517212,Cellular and Other Wireless Telecommunications,0,0.0,0,0.0,0,2009-11-14,2010-12-17,0,,0.0,0,0.0,0.0,0.0,0.0,0,0.0,0,0,0.0,0,0.0,0,0.0,0,0.0,0,0.0,0,0,0,0,0.0,0,0.0,0,0,0.0,0,0.0,0,0.0,0,0,0.0,0,0,0,0,0.0,0,0.0,0,0,0,0.0,0,0,0,0,0,0,0,0.0,0,0,0.0,0,0,0.0,0,0,0,0.0,0,0,0.0,0,0,0,0,0,0.0,0,0,0,0,0,0,0,0,0.0,0,0,0,0.0,0,0,0,0,2015-02-20 01:00:06.112000 AMERICA/NEW_YORK,2016-158,NEWSPAPER LEGAL NOTICES,,,,,,,
64,1593980,Criskey,,"9627 Sims, Suite M",El Paso,TX,79925.0,517212,Cellular and Other Wireless Telecommunications,0,0.0,0,0.0,0,2009-11-14,2010-12-17,0,,0.0,0,0.0,0.0,0.0,0.0,0,0.0,0,0,0.0,0,0.0,0,0.0,0,0.0,0,0.0,0,0,0,0,0.0,0,0.0,0,0,0.0,0,0.0,0,0.0,0,0,0.0,0,0,0,0,0.0,0,0.0,0,0,0,0.0,0,0,0,0,0,0,0,0.0,0,0,0.0,0,0,0.0,0,0,0,0.0,0,0,0.0,0,0,0,0,0,0.0,0,0,0,0,0,0,0,0,0.0,0,0,0,0.0,0,0,0,0,2015-02-20 01:00:06.112000 AMERICA/NEW_YORK,2016-632,STREETLIGHT MAINTENANCE CONTRACT,,,,,,,
65,1593980,Criskey,,"9627 Sims, Suite M",El Paso,TX,79925.0,517212,Cellular and Other Wireless Telecommunications,0,0.0,0,0.0,0,2009-11-14,2010-12-17,0,,0.0,0,0.0,0.0,0.0,0.0,0,0.0,0,0,0.0,0,0.0,0,0.0,0,0.0,0,0.0,0,0,0,0,0.0,0,0.0,0,0,0.0,0,0.0,0,0.0,0,0,0.0,0,0,0,0,0.0,0,0.0,0,0,0,0.0,0,0,0,0,0,0,0,0.0,0,0,0.0,0,0,0.0,0,0,0,0.0,0,0,0.0,0,0,0,0,0,0.0,0,0,0,0,0,0,0,0,0.0,0,0,0,0.0,0,0,0,0,2015-02-20 01:00:06.112000 AMERICA/NEW_YORK,2016-809,MAINTENANCE OF UNINTERRUPTED POWER SUPPLY EQUIPMENT (RE-BID),,,,,,,
66,1593980,Criskey,,"9627 Sims, Suite M",El Paso,TX,79925.0,517212,Cellular and Other Wireless Telecommunications,0,0.0,0,0.0,0,2009-11-14,2010-12-17,0,,0.0,0,0.0,0.0,0.0,0.0,0,0.0,0,0,0.0,0,0.0,0,0.0,0,0.0,0,0.0,0,0,0,0,0.0,0,0.0,0,0,0.0,0,0.0,0,0.0,0,0,0.0,0,0,0,0,0.0,0,0.0,0,0,0,0.0,0,0,0,0,0,0,0,0.0,0,0,0.0,0,0,0.0,0,0,0,0.0,0,0,0.0,0,0,0,0,0,0.0,0,0,0,0,0,0,0,0,0.0,0,0,0,0.0,0,0,0,0,2015-02-20 01:00:06.112000 AMERICA/NEW_YORK,2016-821,CITYWIDE L.E.D. STREET LIGHT MAINTENANCE,,,,,,,
67,1593980,Criskey,,"9627 Sims, Suite M",El Paso,TX,79925.0,517212,Cellular and Other Wireless Telecommunications,0,0.0,0,0.0,0,2009-11-14,2010-12-17,0,,0.0,0,0.0,0.0,0.0,0.0,0,0.0,0,0,0.0,0,0.0,0,0.0,0,0.0,0,0.0,0,0,0,0,0.0,0,0.0,0,0,0.0,0,0.0,0,0.0,0,0,0.0,0,0,0,0,0.0,0,0.0,0,0,0,0.0,0,0,0,0,0,0,0,0.0,0,0,0.0,0,0,0.0,0,0,0,0.0,0,0,0.0,0,0,0,0,0,0.0,0,0,0,0,0,0,0,0,0.0,0,0,0,0.0,0,0,0,0,2015-02-20 01:00:06.112000 AMERICA/NEW_YORK,2017-1382,SCBA BOTTLES - HGAC EE08-15,,,,,,,
68,1535867,"Delta Unlimited, Inc.","Delta Unlimited, Inc.",5869 Waycross,El Paso,TX,79924.0,561730,Landscaping Services,5,0.0,2,1411.11,2,2007-03-12,2009-03-11,0,,0.0,0,0.0,0.0,0.0,0.0,4,1406.84,2,0,0.0,0,0.0,0,0.0,0,0.0,0,0.0,0,0,0,0,0.0,0,0.0,0,0,0.0,0,0.0,0,0.0,0,1,4.27,1,0,0,0,0.0,0,0.0,0,0,0,0.0,0,0,0,0,0,0,0,0.0,0,0,0.0,0,0,0.0,0,0,0,0.0,0,0,0.0,0,0,0,0,0,0.0,0,0,0,0,0,0,0,0,0.0,0,0,0,0.0,0,0,0,0,2015-02-20 01:00:06.112000 AMERICA/NEW_YORK,2015-717,Bus Shelter Cleaning,"Delta Unlimited, Inc.",,,,,,
69,1535867,"Delta Unlimited, Inc.","Delta Unlimited, Inc.",5869 Waycross,El Paso,TX,79924.0,561730,Landscaping Services,5,0.0,2,1411.11,2,2007-03-12,2009-03-11,0,,0.0,0,0.0,0.0,0.0,0.0,4,1406.84,2,0,0.0,0,0.0,0,0.0,0,0.0,0,0.0,0,0,0,0,0.0,0,0.0,0,0,0.0,0,0.0,0,0.0,0,1,4.27,1,0,0,0,0.0,0,0.0,0,0,0,0.0,0,0,0,0,0,0,0,0.0,0,0,0.0,0,0,0.0,0,0,0,0.0,0,0,0.0,0,0,0,0,0,0.0,0,0,0,0,0,0,0,0,0.0,0,0,0,0.0,0,0,0,0,2015-02-20 01:00:06.112000 AMERICA/NEW_YORK,2015-717,Bus Shelter Cleaning,"Delta Unlimited, Inc.",,,,,,
